<quiz>
  <question>
     <text>What is the primary function of white blood cells?</text>
     <option correct="true">A. Fight infections</option>
     <option>B. Transport oxygen</option>
     <option>C. Produce energy</option>
     <option>D. Carry nutrients</option>
  </question>

  <question>
     <text>Which organ is responsible for pumping blood throughout the body?</text>
     <option>A. Brain</option>
     <option correct="true">B. Heart</option>
     <option>C. Lungs</option>
     <option>D. Liver</option>
  </question>

  <question>
     <text>What is the basic unit of life?</text>
     <option correct="true">A. Cell</option>
     <option>B. Atom</option>
     <option>C. Tissue</option>
     <option>D. Organ</option>
  </question>

  <question>
     <text>What is the function of mitochondria in the cell?</text>
     <option>A. Store genetic information</option>
     <option correct="true">B. Produce energy</option>
     <option>C. Digest food particles</option>
     <option>D. Protect the cell</option>
  </question>

  <question>
     <text>Which process is used by cells to divide and reproduce?</text>
     <option>A. Photosynthesis</option>
     <option correct="true">B. Mitosis</option>
     <option>C. Respiration</option>
     <option>D. Digestion</option>
  </question>

  <question>
     <text>What is the main purpose of the respiratory system?</text>
     <option>A. Break down food</option>
     <option correct="true">B. Exchange gases</option>
     <option>C. Pump blood</option>
     <option>D. Filter waste</option>
  </question>

  <question>
     <text>What type of blood vessel carries blood away from the heart?</text>
     <option>A. Veins</option>
     <option correct="true">B. Arteries</option>
     <option>C. Capillaries</option>
     <option>D. Lymph vessels</option>
</question>

  <question>
     <text>Which part of the plant is responsible for absorbing light for photosynthesis?</text>
     <option correct="true">A. Leaves</option>
     <option>B. Roots</option>
     <option>C. Stem</option>
     <option>D. Flowers</option>
  </question>

  <question>
     <text>What is the largest organ in the human body?</text>
     <option>A. Heart</option>
     <option>B. Liver</option>
     <option correct="true">C. Skin</option>
     <option>D. Brain</option>
  </question>
  
<question>
     <text>What is the function of hemoglobin in red blood cells?</text>
     <option>A. Carry carbon dioxide</option>
     <option correct="true">B. Carry oxygen</option>
     <option>C. Fight infections</option>
     <option>D. Produce energy</option>
  </question>
  
<question>
     <text>Which part of the cell contains genetic material?</text>
     <option>A. Mitochondria</option>
     <option correct="true">B. Nucleus</option>
     <option>C. Ribosome</option>
     <option>D. Cytoplasm</option>
  </question>
 
 <question>
     <text>Which organ filters blood to produce urine?</text>
     <option>A. Liver</option>
     <option>B. Heart</option>
     <option correct="true">C. Kidney</option>
     <option>D. Stomach</option>
  </question>

  <question>
     <text>Which system in the body is responsible for producing hormones?</text>
     <option>A. Digestive system</option>
     <option>B. Respiratory system</option>
     <option correct="true">C. Endocrine system</option>
     <option>D. Circulatory system</option>
  </question>

  <question>
     <text>What is the main function of the liver?</text>
     <option correct="true">A. Detoxify chemicals</option>
     <option>B. Pump blood</option>
     <option>C. Absorb nutrients</option>
     <option>D. Exchange gases</option>
  </question>

  <question>
     <text>Which type of joint is found in the shoulder and hip?</text>
     <option>A. Hinge joint</option>
     <option>B. Fixed joint</option>
     <option correct="true">C. Ball and socket joint</option>
     <option>D. Pivot joint</option>
  </question>

  <question>
     <text>What is the process by which cells obtain energy from glucose?</text>
     <option>A. Photosynthesis</option>
     <option correct="true">B. Cellular respiration</option>
     <option>C. Fermentation</option>
     <option>D. Transpiration</option>
  </question>

  <question>
     <text>What is the primary function of platelets in the blood?</text>
     <option correct="true">A. Clotting</option>
     <option>B. Transport oxygen</option>
     <option>C. Fight infections</option>
     <option>D. Carry nutrients</option>
  </question>

  <question>
     <text>Which organ is responsible for producing insulin?</text>
     <option>A. Liver</option>
     <option correct="true">B. Pancreas</option>
     <option>C. Stomach</option>
     <option>D. Kidney</option>
  </question>

  <question>
     <text>Which molecule carries genetic information?</text>
     <option>A. Protein</option>
     <option>B. Lipid</option>
     <option correct="true">C. DNA</option>
     <option>D. Carbohydrate</option>
  </question>

  <question>
     <text>What is the main function of ribosomes in a cell?</text>
     <option correct="true">A. Protein synthesis</option>
     <option>B. Energy production</option>
     <option>C. DNA replication</option>
     <option>D. Cell division</option>
  </question>

  <question>
     <text>Which of the following structures protect the brain?</text>
     <option>A. Rib cage</option>
     <option correct="true">B. Skull</option>
     <option>C. Pelvis</option>
     <option>D. Spine</option>
  </question>

  <question>
     <text>What type of organism is a bacterium?</text>
     <option>A. Eukaryote</option>
     <option correct="true">B. Prokaryote</option>
     <option>C. Virus</option>
     <option>D. Fungi</option>
  </question>

  <question>
     <text>Which organ system includes the skin, hair, and nails?</text>
     <option>A. Respiratory system</option>
     <option correct="true">B. Integumentary system</option>
     <option>C. Digestive system</option>
     <option>D. Nervous system</option>
  </question>

  <question>
     <text>Which part of the brain is responsible for balance and coordination?</text>
     <option>A. Cerebrum</option>
     <option correct="true">B. Cerebellum</option>
     <option>C. Brainstem</option>
     <option>D. Hypothalamus</option>
  </question>

  <question>
     <text>Which blood type is considered the universal donor?</text>
     <option>A. A</option>
     <option>B. B</option>
     <option correct="true">C. O</option>
     <option>D. AB</option>
  </question>

  <question>
     <text>Which structure in the cell is responsible for modifying and packaging proteins?</text>
     <option>A. Nucleus</option>
     <option>B. Mitochondria</option>
     <option correct="true">C. Golgi apparatus</option>
     <option>D. Ribosome</option>
  </question>

  <question>
     <text>Which process allows plants to release water vapor into the air?</text>
     <option correct="true">A. Transpiration</option>
     <option>B. Photosynthesis</option>
     <option>C. Respiration</option>
     <option>D. Digestion</option>
  </question>

  <question>
     <text>Which type of cell lacks a nucleus?</text>
     <option>A. Plant cell</option>
     <option>B. Animal cell</option>
     <option correct="true">C. Bacterial cell</option>
     <option>D. Fungal cell</option>
  </question>

  <question>
     <text>What is the main function of the large intestine?</text>
     <option>A. Absorb nutrients</option>
     <option correct="true">B. Absorb water</option>
     <option>C. Produce bile</option>
     <option>D. Break down proteins</option>
  </question>

  <question>
     <text>What pigment gives plants their green color?</text>
     <option>A. Carotene</option>
     <option>B. Xanthophyll</option>
     <option correct="true">C. Chlorophyll</option>
     <option>D. Anthocyanin</option>
  </question>

  <question>
     <text>Which structure in plant cells stores water, nutrients, and waste products?</text>
     <option>A. Mitochondria</option>
     <option correct="true">B. Vacuole</option>
     <option>C. Chloroplast</option>
     <option>D. Ribosome</option>
  </question>
</quiz>