<quiz>

  <question>
    <text>What is the powerhouse of the cell?</text>
    <option correct="false">A. Ribosome</option>
    <option correct="false">B. Golgi apparatus</option>
    <option correct="true">C. Mitochondrion</option>
    <option correct="false">D. Nucleus</option>
  </question>

  <question>
    <text>Which of the following is NOT a component of the cell membrane?</text>
    <option correct="false">A. Phospholipids</option>
    <option correct="false">B. Proteins</option>
    <option correct="false">C. Nucleic acids</option>
    <option correct="true">D. Carbohydrates</option>
  </question>

  <question>
    <text>What is the name of the process by which plants make their own food?</text>
    <option correct="true">A. Photosynthesis</option>
    <option correct="false">B. Respiration</option>
    <option correct="false">C. Digestion</option>
    <option correct="false">D. Fermentation</option>
  </question>

  <question>
    <text>What is the primary function of white blood cells?</text>
    <option correct="false">A. Transport oxygen</option>
    <option correct="true">B. Fight infections</option>
    <option correct="false">C. Clot blood</option>
    <option correct="false">D. Store energy</option>
  </question>

  <question>
    <text>Which of the following is NOT a function of the liver?</text>
    <option correct="false">A. Detoxification</option>
    <option correct="true">B. Storage of bile</option>
    <option correct="false">C. Regulation of blood pressure</option>
    <option correct="false">D. Metabolism of nutrients</option>
  </question>

  <question>
    <text>What is the name of the process by which plants lose water vapor through small openings in their leaves?</text>
    <option correct="true">A. Transpiration</option>
    <option correct="false">B. Perspiration</option>
    <option correct="false">C. Condensation</option>
    <option correct="false">D. Evaporation</option>
  </question>

  <question>
    <text>Which of the following is NOT a type of tissue in the human body?</text>
    <option correct="false">A. Epithelial</option>
    <option correct="false">B. Muscle</option>
    <option correct="false">C. Nervous</option>
    <option correct="true">D. Marrow</option>
  </question>

  <question>
    <text>What is the role of insulin in the human body?</text>
    <option correct="true">A. Regulation of blood sugar levels</option>
    <option correct="false">B. Production of red blood cells</option>
    <option correct="false">C. Digestion of proteins</option>
    <option correct="false">D. Regulation of body temperature</option>
  </question>

  <question>
    <text>Which of the following is NOT a function of the skeletal system?</text>
    <option correct="false">A. Protection of internal organs</option>
    <option correct="false">B. Production of blood cells</option>
    <option correct="true">C. Regulation of body temperature</option>
    <option correct="false">D. Support and movement</option>
  </question>

  <question>
    <text>What is the process by which a cell divides into two daughter cells?</text>
    <option correct="false">A. Osmosis</option>
    <option correct="true">B. Mitosis</option>
    <option correct="false">C. Meiosis</option>
    <option correct="false">D. Fertilization</option>
  </question>

  <question>
    <text>Which part of the brain is responsible for regulating basic life functions such as breathing and heartbeat?</text>
    <option correct="false">A. Cerebrum</option>
    <option correct="false">B. Cerebellum</option>
    <option correct="true">C. Medulla oblongata</option>
    <option correct="false">D. Hypothalamus</option>
  </question>

  <question>
    <text>What is the function of the ribcage?</text>
    <option correct="false">A. Protect the heart</option>
    <option correct="false">B. Support the lungs</option>
    <option correct="true">C. Protect the lungs and heart</option>
    <option correct="false">D. Aid in digestion</option>
  </question>

  <question>
    <text>Which of the following is NOT a function of the lymphatic system?</text>
    <option correct="false">A. Production of hormones</option>
    <option correct="true">B. Fighting infections</option>
    <option correct="false">C. Removal of excess fluid from tissues</option>
    <option correct="false">D. Absorption of fats from the digestive system</option>
  </question>

  <question>
    <text>What is the name of the tiny sacs in the lungs where gas exchange occurs?</text>
    <option correct="false">A. Bronchi</option>
    <option correct="true">B. Alveoli</option>
    <option correct="false">C. Bronchioles</option>
    <option correct="false">D. Trachea</option>
  </question>

  <question>
    <text>Which of the following is NOT a type of muscle tissue?</text>
    <option correct="false">A. Skeletal</option>
    <option correct="false">B. Smooth</option>
    <option correct="false">C. Cardiac</option>
    <option correct="true">D. Epithelial</option>
  </question>

  <question>
    <text>What is the function of the hormone adrenaline?</text>
    <option correct="false">A. Regulate blood sugar levels</option>
    <option correct="true">B. Stimulate fight or flight response</option>
    <option correct="false">C. Control sleep-wake cycles</option>
    <option correct="false">D. Regulate body temperature</option>
  </question>

  <question>
    <text>What is the name of the pigment responsible for the color of human skin?</text>
    <option correct="true">A. Melanin</option>
    <option correct="false">B. Hemoglobin</option>
    <option correct="false">C. Keratin</option>
    <option correct="false">D. Collagen</option>
  </question>

<question>
    <text>Which of the following is NOT a function of the kidney?</text>
    <option correct="false">A. Regulation of blood pressure</option>
    <option correct="false">B. Production of urine</option>
    <option correct="false">C. Regulation of electrolyte balance</option>
    <option correct="true">D. Production of red blood cells</option>
  </question>

  <question>
    <text>What is the function of the hormone oxytocin?</text>
    <option correct="true">A. Stimulate milk production</option>
    <option correct="false">B. Control blood sugar levels</option>
    <option correct="false">C. Regulate sleep patterns</option>
    <option correct="false">D. Aid in digestion</option>
  </question>

  <question>
    <text>What is the name of the process by which plants respond to light?</text>
    <option correct="false">A. Photolysis</option>
    <option correct="true">B. Phototropism</option>
    <option correct="false">C. Photosynthesis</option>
    <option correct="false">D. Photorespiration</option>
  </question>

  <question>
    <text>Which of the following is NOT a function of the skin?</text>
    <option correct="false">A. Protection against pathogens</option>
    <option correct="false">B. Regulation of body temperature</option>
    <option correct="false">C. Production of vitamin D</option>
    <option correct="true">D. Production of insulin</option>
  </question>

  <question>
    <text>What is the function of the hormone cortisol?</text>
    <option correct="true">A. Regulate metabolism</option>
    <option correct="false">B. Control blood pressure</option>
    <option correct="false">C. Reduce inflammation</option>
    <option correct="false">D. Regulate stress response</option>
  </question>

  <question>
    <text>What is the name of the process by which cells convert glucose into energy in the absence of oxygen?</text>
    <option correct="false">A. Glycolysis</option>
    <option correct="false">B. Photosynthesis</option>
    <option correct="false">C. Fermentation</option>
    <option correct="true">D. Krebs cycle</option>
  </question>

  <question>
    <text>Which of the following is NOT a component of blood?</text>
    <option correct="false">A. Plasma</option>
    <option correct="false">B. Platelets</option>
    <option correct="false">C. White blood cells</option>
    <option correct="true">D. Insulin</option>
  </question>

  <question>
    <text>What is the name of the structure that connects muscles to bones?</text>
    <option correct="true">A. Tendon</option>
    <option correct="false">B. Ligament</option>
    <option correct="false">C. Cartilage</option>
    <option correct="false">D. Synapse</option>
  </question>

  <question>
    <text>Which of the following is NOT a function of the digestive system?</text>
    <option correct="false">A. Absorption of nutrients</option>
    <option correct="true">B. Regulation of blood sugar levels</option>
    <option correct="false">C. Elimination of waste</option>
    <option correct="false">D. Breakdown of food</option>
  </question>

  <question>
    <text>What is the role of the hormone thyroxine?</text>
    <option correct="true">A. Regulate metabolism</option>
    <option correct="false">B. Control blood pressure</option>
    <option correct="false">C. Stimulate growth</option>
    <option correct="false">D. Aid in digestion</option>
  </question>

  <question>
    <text>Which of the following is NOT a function of the endocrine system?</text>
    <option correct="true">A. Regulation of body temperature</option>
    <option correct="false">B. Regulation of growth and development</option>
    <option correct="false">C. Regulation of metabolism</option>
    <option correct="false">D. Regulation of sleep-wake cycles</option>
  </question>

  <question>
    <text>What is the name of the process by which water moves across a semipermeable membrane from an area of low solute concentration to an area of high solute concentration?</text>
    <option correct="true">A. Osmosis</option>
    <option correct="false">B. Diffusion</option>
    <option correct="false">C. Active transport</option>
    <option correct="false">D. Filtration</option>
  </question>

  <question>
    <text>Which of the following is NOT a component of DNA?</text>
    <option correct="false">A. Adenine</option>
    <option correct="false">B. Guanine</option>
    <option correct="true">C. Ribose</option>
    <option correct="false">D. Thymine</option>
  </question>

</quiz>
