<quiz>
 <!--===========================HARD=============================-->
  
  <question>
     <text>What is the primary function of the enzyme DNA polymerase during DNA replication?</text>
     <option>A. Unwind DNA strands</option>
     <option>B. Repair damaged DNA</option>
     <option>C. Synthesize new DNA strands</option>
     <option correct="true">D. Proofread and correct errors in DNA replication</option>
  </question>
  
  <question>
     <text>Which of the following statements about mitochondria is true?</text>
     <option>A. Mitochondria contain their own DNA</option>
     <option>B. Mitochondria are only found in animal cells</option>
     <option>C. Mitochondria are responsible for photosynthesis</option>
     <option correct="true">D. Mitochondria produce ATP through cellular respiration</option>
  </question>
  
  <question>
     <text>What is the role of the enzyme DNA ligase in DNA replication?</text>
     <option>A. Unzip DNA double helix</option>
     <option>B. Synthesize new DNA strands</option>
     <option>C. Proofread DNA sequence</option>
     <option correct="true">D. Join Okazaki fragments together</option>
  </question>
  
  <question>
     <text>Which of the following organelles is responsible for detoxifying harmful substances in the cell?</text>
     <option>A. Endoplasmic reticulum</option>
     <option>B. Lysosomes</option>
     <option>C. Ribosomes</option>
     <option correct="true">D. Smooth endoplasmic reticulum</option>
  </question>
  
  <question>
     <text>What is the function of the enzyme helicase during DNA replication?</text>
     <option>A. Synthesize new DNA strands</option>
     <option>B. Proofread DNA sequence</option>
     <option correct="true">C. Unwind DNA double helix</option>
     <option>D. Repair damaged DNA</option>
  </question>
  
  <question>
     <text>Which of the following is NOT a type of RNA?</text>
     <option>A. mRNA</option>
     <option>B. tRNA</option>
     <option correct="true">C. DNA</option>
     <option>D. rRNA</option>
  </question>
  
  <question>
     <text>Where does glycolysis occur in eukaryotic cells?</text>
     <option>A. Mitochondria</option>
     <option correct="true">B. Cytoplasm</option>
     <option>C. Endoplasmic reticulum</option>
     <option>D. Nucleus</option>
  </question>
  
  <question>
     <text>What is the function of the enzyme ligase in DNA repair?</text>
     <option>A. Synthesize new DNA strands</option>
     <option>B. Unwind DNA double helix</option>
     <option correct="true">C. Join DNA fragments together</option>
     <option>D. Proofread DNA sequence</option>
  </question>
  
  <question>
     <text>Which of the following is NOT a function of the cell membrane?</text>
     <option>A. Regulate the passage of substances into and out of the cell</option>
     <option>B. Provide structural support to the cell</option>
     <option correct="true">C. Synthesize proteins</option>
     <option>D. Maintain cell integrity</option>
  </question>
  
  <question>
     <text>What is the function of the enzyme DNA helicase during DNA replication?</text>
     <option>A. Synthesize new DNA strands</option>
     <option>B. Proofread DNA sequence</option>
     <option correct="true">C. Unwind DNA double helix</option>
     <option>D. Repair damaged DNA</option>
  </question>
  
  <question>
     <text>Which of the following is NOT a component of the endomembrane system?</text>
     <option>A. Golgi apparatus</option>
     <option>B. Endoplasmic reticulum</option>
     <option correct="true">C. Mitochondria</option>
     <option>D. Lysosomes</option>
  </question>
  
  <question>
     <text>What is the function of the enzyme peptidyl transferase during translation?</text>
     <option>A. Initiate translation</option>
     <option>B. Unwind mRNA</option>
     <option correct="true">C. Catalyze the formation of peptide bonds</option>
     <option>D. Proofread amino acid sequence</option>
  </question>
  
  <question>
     <text>Which of the following is NOT a function of proteins in the cell?</text>
     <option>A. Enzymatic activity</option>
     <option>B. Structural support</option>
     <option correct="true">C. Store genetic information</option>
     <option>D. Cell signaling</option>
  </question>
  
  <question>
     <text>Where does the Krebs cycle take place in eukaryotic cells?</text>
     <option>A. Cytoplasm</option>
     <option>B. Nucleus</option>
     <option correct="true">C. Mitochondrial matrix</option>
     <option>D. Endoplasmic reticulum</option>
  </question>
  
  <question>
     <text>Which of the following is NOT a characteristic of enzymes?</text>
     <option>A. They are proteins</option>
     <option>B. They lower activation energy</option>
     <option correct="true">C. They are consumed in chemical reactions</option>
     <option>D. They are specific to substrates</option>
  </question>
  
  <question>
     <text>What is the function of the enzyme RNA polymerase I in eukaryotic cells?</text>
     <option>A. Synthesize mRNA</option>
     <option>B. Synthesize tRNA</option>
     <option correct="true">C. Synthesize rRNA</option>
     <option>D. Transcribe mRNA from DNA</option>
  </question>
  
  <question>
     <text>Which of the following is NOT a function of the nucleus in eukaryotic cells?</text>
     <option>A. Store genetic information</option>
     <option>B. Control cell activities</option>
     <option correct="true">C. Synthesize proteins</option>
     <option>D. Replicate DNA</option>
  </question>
  
  <question>
     <text>What is the function of the enzyme ligase in DNA replication?</text>
     <option>A. Unzip DNA double helix</option>
     <option>B. Synthesize new DNA strands</option>
     <option correct="true">C. Join Okazaki fragments together</option>
     <option>D. Proofread DNA sequence</option>
  </question>
  
  <question>
     <text>Which of the following is NOT a function of RNA?</text>
     <option>A. Serve as a messenger between DNA and ribosomes</option>
     <option>B. Act as a structural component of ribosomes</option>
     <option correct="true">C. Store genetic information</option>
     <option>D. Serve as an adapter molecule during protein synthesis</option>
  </question>
  
  <question>
     <text>Which of the following organelles is responsible for protein synthesis?</text>
     <option>A. Golgi apparatus</option>
     <option>B. Endoplasmic reticulum</option>
     <option correct="true">C. Ribosomes</option>
     <option>D. Lysosomes</option>
  </question>
  
  <question>
     <text>What is the function of the enzyme DNA ligase during DNA repair?</text>
     <option>A. Synthesize new DNA strands</option>
     <option>B. Unwind DNA double helix</option>
     <option correct="true">C. Join DNA fragments together</option>
     <option>D. Proofread DNA sequence</option>
  </question>
  
  <question>
     <text>Which of the following statements about meiosis is true?</text>
     <option>A. Meiosis results in the formation of identical daughter cells</option>
     <option>B. Meiosis occurs in somatic cells</option>
     <option>C. Meiosis involves one round of cell division</option>
     <option correct="true">D. Meiosis results in the formation of haploid cells</option>
  </question>
  
  <question>
     <text>What is the function of the enzyme lysozyme in cells?</text>
     <option>A. Break down carbohydrates</option>
     <option correct="true">B. Break down bacterial cell walls</option>
     <option>C. Synthesize lipids</option>
     <option>D. Synthesize proteins</option>
  </question>
  
  <question>
     <text>Which of the following is NOT a component of the cytoskeleton?</text>
     <option>A. Microtubules</option>
     <option>B. Intermediate filaments</option>
     <option correct="true">C. Ribosomes</option>
     <option>D. Microfilaments</option>
  </question>
  
  <question>
     <text>What is the function of the enzyme DNA polymerase III during DNA replication?</text>
     <option>A. Unwind DNA double helix</option>
     <option>B. Proofread DNA sequence</option>
     <option correct="true">C. Synthesize new DNA strands</option>
     <option>D. Repair damaged DNA</option>
  </question>
  
  <question>
     <text>Which of the following is NOT a step in mitosis?</text>
     <option>A. Prophase</option>
     <option>B. Anaphase</option>
     <option correct="true">C. Synthesis</option>
     <option>D. Telophase</option>
  </question>
  
  <question>
     <text>What is the function of the enzyme amylase?</text>
     <option correct="true">A. Break down carbohydrates</option>
     <option>B. Break down proteins</option>
     <option>C. Break down lipids</option>
     <option>D. Synthesize DNA</option>
  </question>
  
  <question>
     <text>Which of the following is NOT a component of the extracellular matrix?</text>
     <option>A. Collagen</option>
     <option>B. Elastin</option>
     <option correct="true">C. DNA</option>
     <option>D. Proteoglycans</option>
  </question>
</quiz>

